city,bedrooms,date,price,bathrooms,sqft_living,sqft_lot,floors,waterfront,view,condition,sqft_above,sqft_basement,yr_built,yr_renovated,street,statezip,country
Snoqualmie,5.0,2014-05-02 00:00:00,785000.0,3.25,3660,11995,2.0,0,2,3,3660,0,2006,0,7425 Snowberry Ave SE,WA 98065,USA
Snoqualmie,5.0,2014-05-16 00:00:00,675000.0,2.5,3200,6455,2.0,0,0,3,3200,0,2009,0,6227-6299 Whitaker Ln SE,WA 98065,USA
Snoqualmie,5.0,2014-06-05 00:00:00,1075000.0,4.75,5180,17811,2.0,0,2,3,4070,1110,2001,0,6766 Cascade Ave SE,WA 98065,USA
Snoqualmie,5.0,2014-07-01 00:00:00,925000.0,5.5,5190,12637,2.0,0,2,3,5190,0,2001,0,6525 Cascade Ave SE,WA 98065,USA
Snoqualmie,5.0,2014-07-02 00:00:00,480000.0,2.5,2160,7737,2.0,0,0,3,2160,0,1998,2006,7001 Autumn Ave SE,WA 98065,USA
Snoqualmie,5.0,2014-07-07 00:00:00,670000.0,2.5,2860,68519,2.0,0,0,5,2860,0,1958,0,37927 SE 82nd Pl,WA 98065,USA
Snoqualmie,5.0,2014-05-12 00:00:00,0.0,4.5,4630,6324,2.0,0,0,3,3210,1420,2006,0,6925 Oakmont Ave SE,WA 98065,USA
Snoqualmie,5.0,2014-06-25 00:00:00,0.0,3.5,2640,6895,2.0,0,0,3,2640,0,2001,0,34529 SE Jay Ct,WA 98065,USA
Seattle,4.0,2014-05-02 00:00:00,640000.0,2.0,1520,6200,1.5,0,0,3,1520,0,1945,2010,6811 55th Ave NE,WA 98115,USA
Seattle,4.0,2014-05-02 00:00:00,1400000.0,2.5,2920,4000,1.5,0,0,5,1910,1010,1909,1988,3838-4098 44th Ave NE,WA 98105,USA
Seattle,4.0,2014-05-02 00:00:00,495000.0,1.75,1600,6380,1.0,0,0,3,1130,470,1959,1989,2021 NE 100th St,WA 98125,USA
Seattle,4.0,2014-05-02 00:00:00,650000.0,2.0,1820,5000,1.5,0,1,3,1640,180,1945,2010,7201-7399 55th Ave NE,WA 98115,USA
Seattle,4.0,2014-05-04 00:00:00,628000.0,2.0,2280,6010,1.0,0,0,3,1140,1140,1900,2005,205-206 Euclid Ave,WA 98122,USA
Seattle,4.0,2014-05-05 00:00:00,831000.0,3.0,2170,4000,2.0,0,0,4,1610,560,1982,2011,120 31st Ave E,WA 98112,USA
Seattle,4.0,2014-05-05 00:00:00,657100.0,1.0,1390,4240,1.0,0,0,3,1050,340,1924,2011,4312 Woodlawn Ave N,WA 98103,USA
Seattle,4.0,2014-05-05 00:00:00,740000.0,1.75,2010,3600,1.5,0,0,3,2010,0,1902,0,1014 W Garfield St,WA 98119,USA
Seattle,4.0,2014-05-05 00:00:00,449250.0,2.0,1480,3844,1.5,0,0,5,1480,0,1928,1970,519 N 104th St,WA 98133,USA
Seattle,4.0,2014-05-05 00:00:00,631625.0,2.5,2440,6651,2.0,0,0,3,2440,0,2014,0,9288-9358 Holman Rd NW,WA 98117,USA
Seattle,4.0,2014-05-06 00:00:00,312000.0,2.0,1300,7054,1.0,0,0,3,1300,0,1950,2013,2815 SW 107th St,WA 98146,USA
Seattle,4.0,2014-05-06 00:00:00,1135000.0,2.75,3370,8103,1.0,0,3,3,1970,1400,1970,2014,3922 SW Henderson St,WA 98136,USA
Seattle,4.0,2014-05-06 00:00:00,325000.0,2.5,1890,6156,1.0,0,0,3,980,910,1980,0,5631 17th Ave SW,WA 98106,USA
Seattle,4.0,2014-05-06 00:00:00,612500.0,2.0,2060,5000,1.0,0,0,3,1030,1030,1949,2013,1708 NW 96th St,WA 98117,USA
Seattle,4.0,2014-05-06 00:00:00,1225000.0,2.25,3490,6906,2.0,0,0,4,2280,1210,1928,0,2560 39th Ave W,WA 98199,USA
Seattle,4.0,2014-05-06 00:00:00,1580000.0,3.25,3760,10920,1.5,0,0,5,2400,1360,1950,0,5650 NE 55th St,WA 98105,USA
Seattle,4.0,2014-05-07 00:00:00,749950.0,2.75,2600,6050,2.0,0,0,5,1960,640,1949,0,4140 53rd Ave SW,WA 98116,USA
Seattle,4.0,2014-05-07 00:00:00,575000.0,2.0,1650,5000,1.0,0,0,3,1650,0,1955,2005,6708 14th Ave NW,WA 98117,USA
Seattle,4.0,2014-05-07 00:00:00,705000.0,2.5,2650,4316,1.5,0,0,3,1520,1130,1905,2013,1902 45th Ave SW,WA 98116,USA
Seattle,4.0,2014-05-07 00:00:00,940000.0,2.25,1890,5940,1.0,0,1,3,1470,420,1963,2008,1234 22nd Ave E,WA 98112,USA
Seattle,4.0,2014-05-07 00:00:00,794154.0,2.0,2210,8556,1.0,0,1,4,1210,1000,1954,1979,3235 30th Ave W,WA 98199,USA
Seattle,4.0,2014-05-08 00:00:00,1039000.0,1.0,3410,5000,2.0,0,0,5,2190,1220,1910,0,2509 33rd Ave S,WA 98144,USA
Seattle,4.0,2014-05-08 00:00:00,228000.0,1.75,2000,6120,1.0,0,0,3,1100,900,1965,1993,5933 S Eastwood Dr,WA 98178,USA
Seattle,4.0,2014-05-08 00:00:00,530000.0,2.75,2280,2850,1.5,0,0,4,1540,740,1930,0,8013 20th Ave NE,WA 98115,USA
Seattle,4.0,2014-05-08 00:00:00,835000.0,2.0,1910,6960,1.5,0,0,5,1910,0,1941,0,744 N 83rd St,WA 98103,USA
Seattle,4.0,2014-05-09 00:00:00,460000.0,1.75,1750,5500,1.5,0,0,5,1050,700,1926,0,7021 24th Ave NW,WA 98117,USA
Seattle,4.0,2014-05-09 00:00:00,445000.0,2.0,1650,6000,1.0,0,0,5,1000,650,1959,0,2211 20th Ave S,WA 98144,USA
Seattle,4.0,2014-05-09 00:00:00,536500.0,1.75,2000,4000,1.5,0,0,5,1450,550,1926,0,4127 Fauntleroy Way SW,WA 98126,USA
Seattle,4.0,2014-05-09 00:00:00,742500.0,2.75,3100,3773,2.0,0,0,3,2000,1100,1919,1996,1614 32nd Ave,WA 98122,USA
Seattle,4.0,2014-05-09 00:00:00,769900.0,3.5,2730,3047,2.0,0,0,3,2400,330,2006,0,2653 46th Ave SW,WA 98116,USA
Seattle,4.0,2014-05-10 00:00:00,875000.0,2.0,2520,6000,1.0,0,0,3,1400,1120,1921,2007,6521 Fremont Ave N,WA 98103,USA
Seattle,4.0,2014-05-11 00:00:00,842500.0,2.5,2160,5298,2.5,0,0,4,2160,0,1902,0,906 17th Ave,WA 98122,USA
Seattle,4.0,2014-05-12 00:00:00,885000.0,2.5,2830,5000,2.0,0,0,3,2830,0,1995,0,3503 NE 43rd St,WA 98105,USA
Seattle,4.0,2014-05-12 00:00:00,582000.0,1.75,2120,4650,1.0,0,1,3,1190,930,1951,1994,9214 Cyrus Ave NW,WA 98117,USA
Seattle,4.0,2014-05-12 00:00:00,1315000.0,3.5,3460,3997,2.0,0,0,3,2560,900,2004,2003,2346 N 59th St,WA 98103,USA
Seattle,4.0,2014-05-12 00:00:00,360000.0,2.0,1730,5500,1.0,0,0,5,1010,720,1943,0,7953 14th Ave SW,WA 98106,USA
Seattle,4.0,2014-05-12 00:00:00,870300.0,2.5,2350,3150,1.5,0,0,4,1690,660,1910,0,4410 Burke Ave N,WA 98103,USA
Seattle,4.0,2014-05-12 00:00:00,505000.0,1.75,1940,4800,1.0,0,0,5,1030,910,1922,1956,414 14th Ave,WA 98122,USA
Seattle,4.0,2014-05-12 00:00:00,610000.0,3.0,2110,5000,1.5,0,2,4,1640,470,1930,0,9319 45th Ave SW,WA 98136,USA
Seattle,4.0,2014-05-12 00:00:00,1300000.0,3.25,2330,9687,2.0,0,3,3,2330,0,1918,0,731 McGilvra Blvd E,WA 98112,USA
Seattle,4.0,2014-05-12 00:00:00,840000.0,2.75,2600,2750,1.5,0,0,3,1620,980,1936,0,2455 Queen Anne Ave N,WA 98109,USA
Seattle,4.0,2014-05-12 00:00:00,675000.0,3.0,2400,3340,1.0,0,0,4,1200,1200,1964,0,618 NW 49th St,WA 98107,USA
Seattle,4.0,2014-05-12 00:00:00,734200.0,2.5,2760,5000,1.5,0,0,5,1680,1080,1928,1970,950 NW 60th St,WA 98107,USA
Seattle,4.0,2014-05-12 00:00:00,630000.0,2.0,1770,6000,2.0,0,0,5,1770,0,1911,1981,3219 34th Ave W,WA 98199,USA
Seattle,4.0,2014-05-13 00:00:00,628000.0,2.0,2260,6000,1.0,0,0,3,1430,830,1958,2004,8028 27th Ave NE,WA 98115,USA
Seattle,4.0,2014-05-13 00:00:00,2555000.0,2.5,5300,26211,2.0,1,2,2,4570,730,1923,0,4437 55th Ave NE,WA 98105,USA
Seattle,4.0,2014-05-13 00:00:00,1105000.0,1.5,2740,4000,2.0,0,0,5,1930,810,1905,0,1707-1713 3rd Ave N,WA 98109,USA
Seattle,4.0,2014-05-13 00:00:00,413000.0,1.0,1410,6000,1.0,0,0,3,810,600,1925,2002,4118 32nd Ave SW,WA 98126,USA
Seattle,4.0,2014-05-13 00:00:00,870000.0,2.5,3520,6773,2.5,0,0,3,2650,870,2006,0,7921 45th Ave SW,WA 98136,USA
Seattle,4.0,2014-05-13 00:00:00,650000.0,2.5,2210,4861,2.0,0,0,3,2210,0,2013,1923,615 NW 92nd St,WA 98117,USA
Seattle,4.0,2014-05-14 00:00:00,385000.0,1.75,1620,4980,1.0,0,0,4,860,760,1947,1988,10037 Interlake Ave N,WA 98133,USA
Seattle,4.0,2014-05-14 00:00:00,715000.0,2.25,2060,5649,1.0,0,0,5,1360,700,1941,0,3305 39th Ave W,WA 98199,USA
Seattle,4.0,2014-05-15 00:00:00,840000.0,1.75,2930,11562,1.0,0,3,3,1670,1260,1947,2012,3539 NW 67th St,WA 98117,USA
Seattle,4.0,2014-05-15 00:00:00,613000.0,2.0,1550,4815,1.5,0,0,3,1550,0,1909,2004,5212 Wallingford Ave N,WA 98103,USA
Seattle,4.0,2014-05-15 00:00:00,1255000.0,2.5,3200,7535,2.0,0,0,3,3200,0,2006,0,5038 48th Ave NE,WA 98105,USA
Seattle,4.0,2014-05-15 00:00:00,744000.0,3.0,1980,5352,2.5,0,0,3,1980,0,1941,2005,4103 SW Kenyon St,WA 98136,USA
Seattle,4.0,2014-05-15 00:00:00,495000.0,2.0,2050,4000,1.5,0,0,5,1210,840,1941,0,2609 21st Ave S,WA 98144,USA
Seattle,4.0,2014-05-15 00:00:00,640000.0,2.0,2560,7798,1.0,0,0,4,1890,670,1947,1988,8600-8698 30th Ave NE,WA 98115,USA
Seattle,4.0,2014-05-15 00:00:00,343000.0,1.75,2290,10290,1.0,0,0,3,1340,950,1960,2012,2816 SW 110th Pl,WA 98146,USA
Seattle,4.0,2014-05-15 00:00:00,497000.0,2.5,2240,7200,2.0,0,0,3,2240,0,1995,0,4417 47th Ave S,WA 98118,USA
Seattle,4.0,2014-05-16 00:00:00,799000.0,3.25,3120,5000,2.0,0,0,3,2370,750,2005,0,2561 NE 85th St,WA 98115,USA
Seattle,4.0,2014-05-19 00:00:00,487250.0,2.0,1690,3250,1.5,0,0,3,1550,140,1901,0,4800-4898 Whitman Ave N,WA 98103,USA
Seattle,4.0,2014-05-19 00:00:00,560000.0,1.0,1660,4690,1.5,0,0,3,1260,400,1945,2010,7353 16th Ave NW,WA 98117,USA
Seattle,4.0,2014-05-19 00:00:00,285000.0,1.75,2080,13629,1.0,0,0,4,1040,1040,1955,2009,8024 S 130th St,WA 98178,USA
Seattle,4.0,2014-05-19 00:00:00,411000.0,2.75,2500,5257,2.0,0,0,3,2500,0,1966,1963,8309 36th Ave S,WA 98118,USA
Seattle,4.0,2014-05-19 00:00:00,885000.0,2.75,2730,3560,1.5,0,0,3,1550,1180,1921,2007,6211 Ravenna Ave NE,WA 98115,USA
Seattle,4.0,2014-05-19 00:00:00,333000.0,2.0,1580,7800,2.0,0,0,2,1580,0,1906,0,2023 24th Ave S,WA 98144,USA
Seattle,4.0,2014-05-19 00:00:00,850000.0,3.5,2640,5900,2.0,0,2,3,2640,0,1937,1998,6728 40th Ave SW,WA 98136,USA
Seattle,4.0,2014-05-19 00:00:00,1190000.0,3.0,2240,6000,1.5,0,0,4,1270,970,1914,1945,2009 4th Ave N,WA 98109,USA
Seattle,4.0,2014-05-20 00:00:00,520000.0,3.5,2680,10000,2.0,0,0,3,2040,640,1942,2014,13342 30th Ave NE,WA 98125,USA
Seattle,4.0,2014-05-20 00:00:00,575000.0,1.75,1280,6060,1.0,0,0,3,860,420,1926,2003,7032 7th Ave NW,WA 98117,USA
Seattle,4.0,2014-05-20 00:00:00,480000.0,2.75,2050,3960,1.0,0,0,4,1180,870,1986,0,2612 49th Ave SW,WA 98116,USA
Seattle,4.0,2014-05-20 00:00:00,387500.0,1.0,1320,4440,1.5,0,0,3,1320,0,1929,0,1505 29th Ave,WA 98122,USA
Seattle,4.0,2014-05-20 00:00:00,452000.0,1.0,1210,3760,1.5,0,0,3,1210,0,1900,2005,1106 N 80th St,WA 98103,USA
Seattle,4.0,2014-05-20 00:00:00,1275000.0,2.0,2850,7861,1.0,0,4,4,1450,1400,1970,0,3014 NW Esplanade,WA 98117,USA
Seattle,4.0,2014-05-20 00:00:00,978000.0,2.75,2620,13777,1.5,0,2,4,1720,900,1926,1993,2602 Shoreland Dr S,WA 98144,USA
Seattle,4.0,2014-05-20 00:00:00,700000.0,1.0,1680,4021,1.5,0,0,3,1680,0,1921,2000,2139 N 52nd St,WA 98103,USA
Seattle,4.0,2014-05-20 00:00:00,699000.0,2.5,2650,7945,2.0,0,0,3,2650,0,2006,0,11332 30th Ave NE,WA 98125,USA
Seattle,4.0,2014-05-20 00:00:00,475000.0,1.75,1650,7775,1.0,0,0,4,1150,500,1950,1983,11726 Phinney Ave N,WA 98133,USA
Seattle,4.0,2014-05-20 00:00:00,329000.0,2.5,1600,6765,1.0,0,0,3,830,770,1947,2011,6048 26th Ave SW,WA 98106,USA
Seattle,4.0,2014-05-20 00:00:00,494000.0,1.75,2090,4300,1.5,0,0,4,1250,840,1925,1968,5011 SW Dawson St,WA 98136,USA
Seattle,4.0,2014-05-20 00:00:00,423000.0,1.75,1940,6909,1.0,0,0,4,970,970,1941,1998,11207 Evanston Ave N,WA 98133,USA
Seattle,4.0,2014-05-20 00:00:00,879950.0,2.25,3500,13875,1.0,0,4,4,1830,1670,1938,0,10599 Marine View Dr SW,WA 98146,USA
Seattle,4.0,2014-05-20 00:00:00,953007.0,3.5,3120,5086,2.0,0,0,3,2480,640,2008,0,6511 37th Ave NE,WA 98115,USA
Seattle,4.0,2014-05-21 00:00:00,199000.0,2.0,2030,8120,2.0,0,0,3,2030,0,1950,2005,11226 57th Ave S,WA 98178,USA
Seattle,4.0,2014-05-21 00:00:00,1506000.0,3.25,3660,5800,2.5,0,0,3,3360,300,1909,1995,1020 15th Ave E,WA 98112,USA
Seattle,4.0,2014-05-21 00:00:00,635000.0,2.25,2750,6180,1.0,0,0,4,1500,1250,1948,0,3821 39th Ave S,WA 98118,USA
Seattle,4.0,2014-05-21 00:00:00,475000.0,2.0,1790,2250,1.0,0,2,4,840,950,1909,1989,1017 N 38th St,WA 98103,USA
Seattle,4.0,2014-05-21 00:00:00,1003000.0,2.75,2290,6120,2.0,0,0,4,2170,120,1926,1993,124 NE 63rd St,WA 98115,USA
Seattle,4.0,2014-05-21 00:00:00,452000.0,2.0,1660,6150,1.0,0,0,3,850,810,1945,2010,7308 28th Ave SW,WA 98126,USA
Seattle,4.0,2014-05-21 00:00:00,1220000.0,2.5,3240,3600,2.0,0,0,3,2060,1180,2008,0,2433 1st Ave N,WA 98109,USA
Seattle,4.0,2014-05-21 00:00:00,700000.0,3.25,2780,7875,2.0,0,0,3,2780,0,2006,0,543 N 138th St,WA 98133,USA
Seattle,4.0,2014-05-21 00:00:00,334990.0,2.5,2220,4228,2.0,0,0,3,2220,0,2014,0,11283-11399 5th Ave SW,WA 98146,USA
Seattle,4.0,2014-05-22 00:00:00,305000.0,1.75,2200,8100,1.5,0,0,5,1400,800,1942,0,12036 23rd Ave S,WA 98168,USA
Seattle,4.0,2014-05-22 00:00:00,657000.0,1.75,2740,8520,1.0,0,2,3,1370,1370,1954,2005,5524 S Morgan St,WA 98118,USA
Seattle,4.0,2014-05-22 00:00:00,492000.0,2.0,1640,5000,2.0,0,0,3,1640,0,1907,1983,639 NW 52nd St,WA 98107,USA
Seattle,4.0,2014-05-22 00:00:00,805000.0,2.75,2410,6000,1.0,0,0,5,1410,1000,1950,0,3210 NW 58th St,WA 98107,USA
Seattle,4.0,2014-05-22 00:00:00,940000.0,2.75,2080,4000,1.5,0,0,3,2080,0,1912,2000,6042 Sycamore Ave NW,WA 98107,USA
Seattle,4.0,2014-05-23 00:00:00,980000.0,3.0,3680,5854,1.0,0,3,3,2060,1620,1967,2011,1414 Magnolia Blvd W,WA 98199,USA
Seattle,4.0,2014-05-23 00:00:00,648475.0,2.75,2250,5700,1.0,0,0,3,1200,1050,1951,1994,2436 Dexter Ave N,WA 98109,USA
Seattle,4.0,2014-05-23 00:00:00,1325000.0,3.0,3370,7920,1.0,0,3,3,1860,1510,1988,2000,3524 NW 67th St,WA 98117,USA
Seattle,4.0,2014-05-23 00:00:00,661254.0,4.0,2290,6250,1.5,0,0,5,1690,600,1940,0,2319 41st Ave SW,WA 98116,USA
Seattle,4.0,2014-05-23 00:00:00,670500.0,2.0,1590,6750,1.0,0,0,3,1590,0,1951,1994,2333 12th Ave E,WA 98102,USA
Seattle,4.0,2014-05-23 00:00:00,244000.0,1.0,1450,8960,1.0,0,0,3,1450,0,1943,2002,1011 SW 118th St,WA 98146,USA
Seattle,4.0,2014-05-23 00:00:00,530000.0,1.75,1814,5000,1.0,0,0,4,944,870,1951,1999,7532 44th Ave NE,WA 98115,USA
Seattle,4.0,2014-05-23 00:00:00,334000.0,2.5,2210,6080,1.0,0,2,4,1410,800,1965,0,12413 84th Ave S,WA 98178,USA
Seattle,4.0,2014-05-27 00:00:00,477000.0,2.75,1720,6270,2.0,0,0,3,1720,0,1978,0,5149 S Graham St,WA 98118,USA
Seattle,4.0,2014-05-27 00:00:00,1050000.0,2.5,2920,7200,1.0,0,3,3,1470,1450,1921,2006,3438-3474 S Charles St,WA 98144,USA
Seattle,4.0,2014-05-27 00:00:00,688000.0,3.0,3000,4000,1.5,0,3,3,1970,1030,1913,2014,3220 19th Ave S,WA 98144,USA
Seattle,4.0,2014-05-27 00:00:00,1570000.0,3.75,3070,5850,2.0,0,0,5,2400,670,1927,0,1527 39th Ave E,WA 98112,USA
Seattle,4.0,2014-05-27 00:00:00,1655000.0,3.5,3080,4815,2.0,0,3,3,2300,780,1937,2009,2441-2499 Crane Dr W,WA 98199,USA
Seattle,4.0,2014-05-27 00:00:00,540000.0,4.25,1960,3565,2.0,0,0,3,1960,0,1940,2003,2113 41st Ave SW,WA 98116,USA
Seattle,4.0,2014-05-27 00:00:00,535000.0,2.5,2340,5600,2.0,0,0,3,2340,0,1921,2013,10207 37th Ave SW,WA 98146,USA
Seattle,4.0,2014-05-28 00:00:00,599000.0,2.75,2020,2750,1.0,0,0,3,1010,1010,1917,2014,3212 E Terrace St,WA 98122,USA
Seattle,4.0,2014-05-28 00:00:00,815000.0,2.25,2000,3800,2.0,0,0,3,2000,0,2001,0,7708 16th Ave NE,WA 98115,USA
Seattle,4.0,2014-05-28 00:00:00,1285000.0,2.5,3240,10800,1.0,0,0,3,2260,980,1946,0,5726 61st Ave NE,WA 98105,USA
Seattle,4.0,2014-05-28 00:00:00,335000.0,2.0,1480,3132,1.0,0,0,5,740,740,1910,0,5840 16th Ave S,WA 98108,USA
Seattle,4.0,2014-05-28 00:00:00,840000.0,2.75,3040,2800,2.0,0,0,3,2100,940,1906,2014,318 E Mercer St,WA 98102,USA
Seattle,4.0,2014-05-28 00:00:00,1400000.0,3.25,2980,7000,2.0,0,3,3,2140,840,1900,2014,3115 S Norman St,WA 98144,USA
Seattle,4.0,2014-05-28 00:00:00,1210000.0,2.75,3650,6982,2.0,0,2,4,2530,1120,1951,2003,4911 NE 65th St,WA 98115,USA
Seattle,4.0,2014-05-28 00:00:00,277000.0,1.0,1450,6250,1.0,0,0,3,990,460,1964,2000,10020 18th Ave SW,WA 98146,USA
Seattle,4.0,2014-05-28 00:00:00,960000.0,2.25,2410,4560,2.0,0,2,5,1800,610,1929,0,7006 35th Ave NW,WA 98117,USA
Seattle,4.0,2014-05-28 00:00:00,840000.0,1.75,2330,4000,2.0,0,0,5,1300,1030,1924,1956,5036 36th Ave NE,WA 98105,USA
Seattle,4.0,2014-05-28 00:00:00,1400000.0,3.25,4700,9160,1.0,0,4,3,2520,2180,2005,0,5700-5798 SW Hinds St,WA 98116,USA
Seattle,4.0,2014-05-29 00:00:00,485000.0,1.0,1600,4300,1.5,0,0,4,1600,0,1916,0,1215 N 50th St,WA 98103,USA
Seattle,4.0,2014-05-29 00:00:00,400000.0,1.5,1390,7200,1.0,0,0,3,1140,250,1965,1993,2150 N 128th St,WA 98133,USA
Seattle,4.0,2014-05-29 00:00:00,820000.0,2.25,2280,6660,1.5,0,2,3,1960,320,1940,1984,811 W Bertona St,WA 98119,USA
Seattle,4.0,2014-05-29 00:00:00,2453500.0,3.5,4730,13586,1.5,0,0,5,4270,460,1935,0,1404 Broadmoor Dr E,WA 98112,USA
Seattle,4.0,2014-05-29 00:00:00,619000.0,2.0,2300,3400,1.5,0,0,5,1550,750,1915,0,308 NW 67th St,WA 98117,USA
Seattle,4.0,2014-05-29 00:00:00,400000.0,2.75,1240,3867,1.0,0,0,3,800,440,1987,2000,12001 Bartlett Ave NE,WA 98125,USA
Seattle,4.0,2014-05-29 00:00:00,450000.0,2.0,2240,7725,1.0,0,0,5,1120,1120,1956,0,2503 SW Portland Ct,WA 98106,USA
Seattle,4.0,2014-05-29 00:00:00,635200.0,1.75,1640,4240,1.0,0,0,5,920,720,1921,0,6517 Dibble Ave NW,WA 98117,USA
Seattle,4.0,2014-05-29 00:00:00,445000.0,1.75,1990,4725,1.5,0,0,4,1190,800,1944,0,3713 SW Sullivan St,WA 98126,USA
Seattle,4.0,2014-05-29 00:00:00,1425000.0,4.25,4960,6000,2.5,0,0,3,3680,1280,1909,2003,2611 1st Ave N,WA 98109,USA
Seattle,4.0,2014-05-29 00:00:00,350000.0,2.5,2040,22653,2.0,0,0,3,2040,0,2011,0,2471 S 116th Way,WA 98168,USA
Seattle,4.0,2014-05-30 00:00:00,715000.0,1.75,3420,7200,1.0,0,3,5,1770,1650,1947,0,10718 Exeter Ave NE,WA 98125,USA
Seattle,4.0,2014-05-30 00:00:00,659000.0,2.5,3190,11375,1.0,0,0,5,2210,980,1946,0,10326 Fischer Pl NE,WA 98125,USA
Seattle,4.0,2014-05-30 00:00:00,700000.0,2.5,2310,3570,1.5,0,0,3,1490,820,1927,2014,8216 Linden Ave N,WA 98103,USA
Seattle,4.0,2014-05-30 00:00:00,750000.0,2.75,2600,4674,1.0,0,0,3,1560,1040,1976,0,6820 39th Ave NE,WA 98115,USA
Seattle,4.0,2014-05-30 00:00:00,735000.0,3.0,2840,4120,1.5,0,0,4,2060,780,1931,0,3849 Cascadia Ave S,WA 98118,USA
Seattle,4.0,2014-05-30 00:00:00,919204.0,3.5,3760,5000,2.0,0,0,3,2860,900,2014,0,2822 NW 74th St,WA 98117,USA
Seattle,4.0,2014-06-01 00:00:00,1505000.0,3.5,3480,7232,2.0,0,0,3,2580,900,1926,2010,1905 33rd Ave S,WA 98144,USA
Seattle,4.0,2014-06-02 00:00:00,965000.0,2.5,2460,5000,2.0,0,0,5,1620,840,1938,0,1024 Washington Pl E,WA 98112,USA
Seattle,4.0,2014-06-02 00:00:00,661000.0,2.25,1990,4600,1.5,0,2,4,1420,570,1932,1958,4426 38th Ave SW,WA 98126,USA
Seattle,4.0,2014-06-02 00:00:00,809000.0,1.5,1840,4337,2.0,0,0,4,1840,0,1917,0,1218 19th Ave E,WA 98112,USA
Seattle,4.0,2014-06-02 00:00:00,730000.0,2.0,2360,6000,1.0,0,0,5,1260,1100,1939,0,3635 41st Ave W,WA 98199,USA
Seattle,4.0,2014-06-02 00:00:00,540000.0,1.75,1720,4240,1.5,0,0,4,1460,260,1925,1968,2722 30th Ave S,WA 98144,USA
Seattle,4.0,2014-06-03 00:00:00,930000.0,2.5,2200,4000,2.0,0,0,5,1430,770,1908,0,2418 10th Ave W,WA 98119,USA
Seattle,4.0,2014-06-03 00:00:00,1100000.0,3.75,2930,3200,1.5,0,0,5,2130,800,1925,0,115 W Raye St,WA 98119,USA
Seattle,4.0,2014-06-03 00:00:00,835000.0,2.75,1550,4000,1.5,0,0,3,1550,0,1930,1997,4325 NE 43rd St,WA 98105,USA
Seattle,4.0,2014-06-03 00:00:00,960000.0,3.0,4590,9150,2.0,0,0,3,3490,1100,1981,2013,13003 13th Ave NW,WA 98177,USA
Seattle,4.0,2014-06-04 00:00:00,375000.0,1.75,2200,7475,1.0,0,0,5,1100,1100,1955,0,6609 43rd Ave S,WA 98118,USA
Seattle,4.0,2014-06-05 00:00:00,620000.0,2.25,2400,5350,1.5,0,0,4,1460,940,1929,0,6509 10th Ave NW,WA 98117,USA
Seattle,4.0,2014-06-05 00:00:00,450000.0,1.0,2000,4676,1.5,0,0,3,1250,750,1916,1986,5421-5499 52nd Terrace S,WA 98118,USA
Seattle,4.0,2014-06-05 00:00:00,445000.0,2.5,2340,3784,2.0,0,0,3,2340,0,2008,0,908 SW Austin St,WA 98106,USA
Seattle,4.0,2014-06-05 00:00:00,619000.0,1.75,1660,3800,1.5,0,0,3,1660,0,1926,2003,8054 Brooklyn Ave NE,WA 98115,USA
Seattle,4.0,2014-06-05 00:00:00,453500.0,1.75,2000,6032,1.0,0,2,3,1300,700,1959,1989,4404 SW 101st St,WA 98146,USA
Seattle,4.0,2014-06-05 00:00:00,456000.0,1.75,1670,9886,1.0,0,0,5,1670,0,1947,0,13205 39th Ave NE,WA 98125,USA
Seattle,4.0,2014-06-05 00:00:00,605004.0,2.0,1370,4000,2.0,0,0,3,1370,0,1951,1994,2825 W Jameson St,WA 98199,USA
Seattle,4.0,2014-06-05 00:00:00,886000.0,2.0,2660,3900,1.5,0,0,4,1480,1180,1923,0,1926 E Lynn St,WA 98112,USA
Seattle,4.0,2014-06-06 00:00:00,385200.0,1.0,1550,7740,1.5,0,0,3,1550,0,1954,2005,9014 34th Ave SW,WA 98126,USA
Seattle,4.0,2014-06-06 00:00:00,735000.0,2.5,2820,6180,2.0,0,0,3,2050,770,2013,1923,3958 S Lucile St,WA 98118,USA
Seattle,4.0,2014-06-06 00:00:00,545000.0,2.5,2040,6034,2.0,0,0,3,2040,0,1990,2009,9106 5th Ave NE,WA 98115,USA
Seattle,4.0,2014-06-06 00:00:00,500000.0,1.0,1720,4011,1.5,0,0,4,1720,0,1904,0,3004 NW 59th St,WA 98107,USA
Seattle,4.0,2014-06-06 00:00:00,920000.0,2.75,2880,5750,1.5,0,0,5,1710,1170,1928,1970,1718 44th Ave SW,WA 98116,USA
Seattle,4.0,2014-06-06 00:00:00,595000.0,2.5,1990,2175,2.0,0,0,3,1680,310,2005,0,1102 NW 56th St,WA 98107,USA
Seattle,4.0,2014-06-06 00:00:00,1280000.0,3.5,3010,3600,2.0,0,0,3,2370,640,1999,0,1622 38th Ave E,WA 98112,USA
Seattle,4.0,2014-06-06 00:00:00,739000.0,3.0,2720,3800,2.0,0,0,5,1800,920,1919,1934,6326 20th Ave NE,WA 98115,USA
Seattle,4.0,2014-06-09 00:00:00,831000.0,2.5,2030,3905,1.5,0,0,4,1630,400,1926,1993,3912 Ashworth Ave N,WA 98103,USA
Seattle,4.0,2014-06-09 00:00:00,550000.0,2.5,2700,5100,1.0,0,0,4,1440,1260,1968,0,3946 SW Portland St,WA 98136,USA
Seattle,4.0,2014-06-09 00:00:00,750000.0,3.25,2050,5000,2.0,0,0,4,1370,680,1987,0,427 27th Ave E,WA 98112,USA
Seattle,4.0,2014-06-09 00:00:00,980000.0,2.5,2730,4800,1.5,0,0,5,2230,500,1909,1988,2518 1st Ave W,WA 98119,USA
Seattle,4.0,2014-06-09 00:00:00,240000.0,1.0,1910,16320,1.5,0,0,3,1910,0,1934,1978,9817 26th Ave SW,WA 98106,USA
Seattle,4.0,2014-06-10 00:00:00,571000.0,2.0,2750,7807,1.5,0,0,5,2250,500,1916,0,12042 38th Ave NE,WA 98125,USA
Seattle,4.0,2014-06-10 00:00:00,558000.0,2.0,2180,3870,1.0,0,0,3,1020,1160,1900,2005,729 23rd Ave,WA 98122,USA
Seattle,4.0,2014-06-10 00:00:00,417500.0,1.0,1390,10800,1.5,0,0,4,1390,0,1941,1998,115 NW 132nd St,WA 98177,USA
Seattle,4.0,2014-06-10 00:00:00,480000.0,1.75,2320,4322,1.0,0,0,3,1140,1180,1910,2006,3149 35th Ave S,WA 98144,USA
Seattle,4.0,2014-06-10 00:00:00,870000.0,2.5,3340,12248,2.0,0,1,3,2470,870,1998,2006,1919 Fairmount Ave SW,WA 98126,USA
Seattle,4.0,2014-06-10 00:00:00,566000.0,1.75,2440,5000,1.0,0,0,3,1340,1100,1954,2005,7328 12th Ave NW,WA 98117,USA
Seattle,4.0,2014-06-11 00:00:00,588000.0,2.0,1680,5000,1.0,0,0,3,980,700,1950,2005,7734 39th Ave NE,WA 98115,USA
Seattle,4.0,2014-06-11 00:00:00,800000.0,3.75,2690,4000,2.0,0,3,4,2120,570,1909,1989,2537 11th Ave W,WA 98119,USA
Seattle,4.0,2014-06-11 00:00:00,740000.0,2.75,2490,17833,2.0,0,2,3,1490,1000,1979,2014,12537 41st Ave NE,WA 98125,USA
Seattle,4.0,2014-06-11 00:00:00,465000.0,1.75,1470,5350,1.0,0,0,3,980,490,1955,2005,10424 12th Ave NE,WA 98125,USA
Seattle,4.0,2014-06-11 00:00:00,735000.0,1.75,2460,5100,1.5,0,0,5,1450,1010,1909,1988,6815 26th Ave NE,WA 98115,USA
Seattle,4.0,2014-06-11 00:00:00,427000.0,1.0,1860,4736,1.5,0,0,1,1860,0,1901,0,2411-2499 E Roy St,WA 98112,USA
Seattle,4.0,2014-06-11 00:00:00,619400.0,2.0,2090,3610,1.5,0,0,5,1790,300,1927,0,8044 14th Avenue Northeast,WA 98115,USA
Seattle,4.0,2014-06-11 00:00:00,813000.0,2.75,3370,6675,1.0,0,3,4,1920,1450,1948,0,1501 33rd Ave S,WA 98144,USA
Seattle,4.0,2014-06-12 00:00:00,350000.0,2.25,2300,4600,1.5,0,0,4,1340,960,1904,0,1517 17th Ave S,WA 98144,USA
Seattle,4.0,2014-06-12 00:00:00,1184000.0,2.5,3200,7500,1.5,0,1,5,1860,1340,1948,1985,7344 50th Ave NE,WA 98115,USA
Seattle,4.0,2014-06-12 00:00:00,1688000.0,2.5,3000,7500,2.0,0,0,3,3000,0,1937,1994,3907 48th Ave NE,WA 98105,USA
Seattle,4.0,2014-06-12 00:00:00,495000.0,2.5,2140,7245,2.0,0,0,3,2140,0,2003,0,633 N 138th St,WA 98133,USA
Seattle,4.0,2014-06-12 00:00:00,656500.0,2.0,2710,4750,1.0,0,0,4,1460,1250,1919,1985,6326 21st Ave NE,WA 98115,USA
Seattle,4.0,2014-06-12 00:00:00,560000.0,1.75,1880,3880,1.5,0,0,4,1090,790,1944,0,325 NW 48th St,WA 98107,USA
Seattle,4.0,2014-06-12 00:00:00,594000.0,1.75,1870,5200,2.0,0,0,4,1200,670,1937,0,7542 42nd Ave NE,WA 98115,USA
Seattle,4.0,2014-06-12 00:00:00,430000.0,1.75,1890,6000,1.0,0,0,4,1110,780,1947,1988,13524 22nd Ave NE,WA 98125,USA
Seattle,4.0,2014-06-13 00:00:00,1030000.0,2.5,2750,4800,2.0,0,0,3,1960,790,1905,2005,5700-5798 Wallingford Ave N,WA 98103,USA
Seattle,4.0,2014-06-13 00:00:00,775000.0,2.0,3140,10875,1.0,0,1,3,1940,1200,1939,1969,3704 W Lawton St,WA 98199,USA
Seattle,4.0,2014-06-13 00:00:00,513000.0,2.75,2020,7070,1.0,0,0,5,1010,1010,1958,0,9226 36th Ave SW,WA 98126,USA
Seattle,4.0,2014-06-16 00:00:00,1735000.0,2.25,3040,5000,2.0,0,3,4,2080,960,1926,1993,3907 47th Ave NE,WA 98105,USA
Seattle,4.0,2014-06-16 00:00:00,825000.0,1.5,1890,6938,1.5,0,0,3,1890,0,1919,2001,1529 45th Ave SW,WA 98116,USA
Seattle,4.0,2014-06-16 00:00:00,418000.0,3.0,2360,6250,1.0,0,2,3,1460,900,1960,2012,9957 Rainier Ave S,WA 98118,USA
Seattle,4.0,2014-06-16 00:00:00,385000.0,1.75,1690,4080,1.0,0,0,4,870,820,1984,0,3405 35th Ave S,WA 98144,USA
Seattle,4.0,2014-06-16 00:00:00,415000.0,2.0,1800,2970,1.0,0,0,4,1000,800,1923,0,7502 15th Ave NE,WA 98115,USA
Seattle,4.0,2014-06-16 00:00:00,375000.0,2.0,1240,3000,1.0,0,0,3,1040,200,1908,1988,549 27th Ave,WA 98122,USA
Seattle,4.0,2014-06-16 00:00:00,1095000.0,4.0,3530,8400,2.0,0,0,5,2630,900,1958,0,2420 30th Ave W,WA 98199,USA
Seattle,4.0,2014-06-16 00:00:00,650000.0,2.75,2610,4160,3.0,0,0,5,1910,700,1910,0,118 N 84th St,WA 98103,USA
Seattle,4.0,2014-06-16 00:00:00,685000.0,3.5,2840,4637,3.0,0,0,3,2840,0,2008,0,546 NE 103rd St,WA 98125,USA
Seattle,4.0,2014-06-17 00:00:00,870000.0,4.25,3010,4887,2.0,0,3,4,1940,1070,1951,1996,8770 Sand Point Way NE,WA 98115,USA
Seattle,4.0,2014-06-17 00:00:00,458000.0,1.5,1550,3000,1.5,0,0,3,1350,200,1918,0,4402 4th Ave NE,WA 98105,USA
Seattle,4.0,2014-06-17 00:00:00,547000.0,1.0,1720,2800,1.5,0,0,4,1200,520,1926,1993,6211 27th Ave NE,WA 98115,USA
Seattle,4.0,2014-06-17 00:00:00,1008000.0,3.5,2650,3060,2.0,0,0,3,2060,590,2001,0,2133 N 62nd St,WA 98103,USA
Seattle,4.0,2014-06-17 00:00:00,310000.0,2.0,1870,6000,1.5,0,0,3,1870,0,1956,2001,11750 12th Ave NE,WA 98125,USA
Seattle,4.0,2014-06-17 00:00:00,554000.0,1.0,1120,7104,1.5,0,0,3,1120,0,1946,0,1212 NW 105th St,WA 98177,USA
Seattle,4.0,2014-06-18 00:00:00,825000.0,3.5,3810,9792,2.0,0,0,3,3810,0,1938,2013,11229 37th Ave SW,WA 98146,USA
Seattle,4.0,2014-06-18 00:00:00,855000.0,2.25,2190,4080,2.0,0,0,3,1800,390,1918,0,2536 1st Ave W,WA 98119,USA
Seattle,4.0,2014-06-19 00:00:00,1525000.0,3.25,3620,5131,2.0,0,3,4,2350,1270,1927,0,3283 Conkling Pl W,WA 98119,USA
Seattle,4.0,2014-06-19 00:00:00,1325000.0,2.5,2440,3600,2.5,0,0,4,2440,0,1902,0,400 W Highland Dr,WA 98119,USA
Seattle,4.0,2014-06-19 00:00:00,799000.0,2.5,2590,7910,2.0,0,0,3,2590,0,2001,0,4022 NE 95th St,WA 98115,USA
Seattle,4.0,2014-06-19 00:00:00,1309500.0,4.5,4750,13912,2.0,0,2,3,3600,1150,2005,0,7732 Seward Park Ave S,WA 98118,USA
Seattle,4.0,2014-06-19 00:00:00,756000.0,2.25,2160,5600,1.0,0,0,5,1080,1080,1947,0,2667 11th Ave W,WA 98119,USA
Seattle,4.0,2014-06-19 00:00:00,248000.0,2.0,2080,13510,1.0,0,0,3,1040,1040,1950,2005,6105 S 124th St,WA 98178,USA
Seattle,4.0,2014-06-19 00:00:00,399888.0,2.25,1820,8255,1.5,0,0,4,1320,500,1930,0,1559 N 130th St,WA 98133,USA
Seattle,4.0,2014-06-19 00:00:00,899000.0,2.25,2370,6000,1.0,0,2,3,1440,930,1959,1989,2411 NW Blue Ridge Dr,WA 98177,USA
Seattle,4.0,2014-06-19 00:00:00,549000.0,1.75,1290,3060,2.0,0,0,4,1290,0,1906,1990,742 N 70th St,WA 98103,USA
Seattle,4.0,2014-06-19 00:00:00,618250.0,3.25,2520,3360,1.5,0,0,4,1550,970,1931,0,7019 Brooklyn Ave NE,WA 98115,USA
Seattle,4.0,2014-06-19 00:00:00,646000.0,2.5,2310,4079,2.0,0,0,3,2310,0,2008,0,8903 3rd Ave NW,WA 98117,USA
Seattle,4.0,2014-06-20 00:00:00,480000.0,1.0,2080,5500,1.0,0,0,3,1040,1040,1941,1994,7520 Jones Ave NW,WA 98117,USA
Seattle,4.0,2014-06-20 00:00:00,665900.0,2.25,2870,5453,2.0,0,1,4,2220,650,1926,1993,10030 44th Ave SW,WA 98146,USA
Seattle,4.0,2014-06-20 00:00:00,511500.0,1.0,1360,6000,1.5,0,0,3,1360,0,1917,2009,7714 37th Ave NE,WA 98115,USA
Seattle,4.0,2014-06-20 00:00:00,355000.0,2.5,2040,8265,2.0,0,0,3,2040,0,1996,0,11830 6th Pl SW,WA 98146,USA
Seattle,4.0,2014-06-20 00:00:00,482500.0,3.0,1630,7626,1.0,0,0,5,1110,520,1990,0,12033 20th Ave NE,WA 98125,USA
Seattle,4.0,2014-06-20 00:00:00,489000.0,2.0,2120,11479,1.0,0,0,4,1060,1060,1940,2001,10822-10830 24th Ave NE,WA 98125,USA
Seattle,4.0,2014-06-21 00:00:00,849000.0,2.0,2160,6300,1.5,0,1,4,2160,0,1928,0,4103 Hillcrest Ave SW,WA 98116,USA
Seattle,4.0,2014-06-21 00:00:00,442900.0,1.75,1780,2788,1.0,0,0,4,890,890,1943,0,3423 33rd Ave W,WA 98199,USA
Seattle,4.0,2014-06-23 00:00:00,775000.0,2.5,2300,6158,2.0,0,0,3,2300,0,1999,0,9009 27th Ave NE,WA 98115,USA
Seattle,4.0,2014-06-23 00:00:00,449000.0,2.5,1850,5040,1.0,0,0,3,1230,620,1930,2013,7117 31st Ave SW,WA 98126,USA
Seattle,4.0,2014-06-23 00:00:00,735000.0,2.25,2270,5102,1.0,0,0,5,1340,930,1954,0,3613 40th Ave W,WA 98199,USA
Seattle,4.0,2014-06-23 00:00:00,360000.0,1.5,1720,6417,1.0,0,0,3,1720,0,1953,0,13505 16th Ave NE,WA 98125,USA
Seattle,4.0,2014-06-23 00:00:00,415000.0,2.5,2170,8518,1.0,0,3,3,1350,820,1955,2005,10842 Garden Pl S,WA 98178,USA
Seattle,4.0,2014-06-23 00:00:00,1580000.0,2.5,4570,74487,2.0,0,4,5,4570,0,1948,1985,1249 NW Elford Dr,WA 98177,USA
Seattle,4.0,2014-06-23 00:00:00,450000.0,1.75,2160,4333,1.0,0,0,4,1260,900,1942,1982,8309 24th Ave NW,WA 98117,USA
Seattle,4.0,2014-06-23 00:00:00,1220000.0,3.75,3520,3944,1.5,0,0,5,2200,1320,1913,0,2551 5th Ave N,WA 98109,USA
Seattle,4.0,2014-06-23 00:00:00,569000.0,2.0,1730,3884,1.0,0,0,5,1060,670,1924,1956,720 N 46th St,WA 98103,USA
Seattle,4.0,2014-06-23 00:00:00,800000.0,3.0,3520,4895,1.0,0,0,3,1980,1540,1954,2005,301 NW 54th St,WA 98107,USA
Seattle,4.0,2014-06-24 00:00:00,687500.0,1.75,2330,5000,1.5,0,0,4,1510,820,1929,0,7326 9th Ave NW,WA 98117,USA
Seattle,4.0,2014-06-24 00:00:00,880000.0,2.5,3030,3841,3.0,0,0,3,3030,0,2005,0,6709 9th Ave NW,WA 98117,USA
Seattle,4.0,2014-06-24 00:00:00,339000.0,2.0,2470,5080,1.5,0,0,3,1970,500,1948,1988,7936 10th Ave SW,WA 98106,USA
Seattle,4.0,2014-06-24 00:00:00,941000.0,1.75,2320,3825,1.5,0,0,5,1820,500,1926,0,128 NE 51st St,WA 98105,USA
Seattle,4.0,2014-06-24 00:00:00,230000.0,1.75,1850,6000,1.0,0,0,4,1270,580,1944,0,6909 S 124th St,WA 98178,USA
Seattle,4.0,2014-06-24 00:00:00,343500.0,1.75,1760,6204,1.0,0,2,4,1180,580,1950,1983,11008 Auburn Ave S,WA 98178,USA
Seattle,4.0,2014-06-24 00:00:00,395000.0,1.75,1540,5120,1.0,0,0,5,770,770,1943,0,7350 31st Ave SW,WA 98126,USA
Seattle,4.0,2014-06-24 00:00:00,850000.0,3.0,3330,4000,1.0,0,0,3,1790,1540,1958,2004,4015 Midvale Ave N,WA 98103,USA
Seattle,4.0,2014-06-24 00:00:00,425000.0,1.5,1600,6180,1.5,0,0,3,1600,0,1946,0,3856 38th Ave S,WA 98118,USA
Seattle,4.0,2014-06-25 00:00:00,890000.0,1.0,2550,4000,2.0,0,0,3,2370,180,1905,2010,1816 2nd Ave N,WA 98109,USA
Seattle,4.0,2014-06-25 00:00:00,352000.0,1.0,1530,8890,1.0,0,0,3,980,550,1925,2002,7940 12th Ave SW,WA 98106,USA
Seattle,4.0,2014-06-25 00:00:00,657000.0,2.5,2180,3375,1.5,0,0,4,1420,760,1926,1993,7615 3rd Ave NW,WA 98117,USA
Seattle,4.0,2014-06-25 00:00:00,870000.0,2.75,2840,4000,1.5,0,0,5,1960,880,1912,0,2019 33rd Ave S,WA 98144,USA
Seattle,4.0,2014-06-25 00:00:00,315000.0,2.0,1780,5336,1.5,0,0,5,930,850,1918,0,10200-10216 56th Ave S,WA 98178,USA
Seattle,4.0,2014-06-25 00:00:00,402000.0,2.25,2000,3672,2.0,0,0,5,1650,350,1926,0,6530 21st Ave NW,WA 98117,USA
Seattle,4.0,2014-06-25 00:00:00,650000.0,2.75,1910,16532,1.0,0,0,4,1420,490,1940,2001,9025 26th Ave NW,WA 98117,USA
Seattle,4.0,2014-06-25 00:00:00,450000.0,2.75,2310,5650,1.0,0,2,3,1330,980,1952,2012,9853 Arrowsmith Ave S,WA 98118,USA
Seattle,4.0,2014-06-25 00:00:00,760000.0,2.5,2760,6000,2.0,0,0,5,2230,530,1942,0,8107 31st Ave NE,WA 98115,USA
Seattle,4.0,2014-06-25 00:00:00,680000.0,1.5,1880,6200,1.0,0,2,5,1440,440,1954,0,3973 SW Arroyo Dr,WA 98146,USA
Seattle,4.0,2014-06-25 00:00:00,519000.0,2.5,1950,2617,1.5,0,0,4,1250,700,1910,0,1124 NW 56th St,WA 98107,USA
Seattle,4.0,2014-06-26 00:00:00,440000.0,1.5,1770,5750,2.0,0,0,3,1770,0,1947,2012,4527 48th Ave SW,WA 98116,USA
Seattle,4.0,2014-06-26 00:00:00,270000.0,2.25,2600,9900,1.0,0,0,3,1600,1000,1965,1993,7703 S 128th St,WA 98178,USA
Seattle,4.0,2014-06-26 00:00:00,755000.0,2.75,2880,4000,1.5,0,0,3,2100,780,1912,2000,2101 31st Ave S,WA 98144,USA
Seattle,4.0,2014-06-26 00:00:00,1340000.0,3.5,3190,5040,2.0,0,3,3,2160,1030,2003,0,1120 33rd Ave S,WA 98144,USA
Seattle,4.0,2014-06-26 00:00:00,815000.0,2.75,2620,4743,1.0,0,2,4,1310,1310,1949,1985,3311 NW 75th St,WA 98117,USA
Seattle,4.0,2014-06-26 00:00:00,750000.0,2.75,1750,5080,1.5,0,0,3,1750,0,1903,2005,1447 21st Ave,WA 98122,USA
Seattle,4.0,2014-06-26 00:00:00,900000.0,3.5,3370,5000,2.0,0,2,3,2470,900,2008,0,3460 38th Ave SW,WA 98126,USA
Seattle,4.0,2014-06-26 00:00:00,240000.0,1.0,1200,2171,1.5,0,0,3,1200,0,1933,0,10720 Stone Ave N,WA 98133,USA
Seattle,4.0,2014-06-27 00:00:00,417000.0,2.25,2300,7700,1.0,0,0,3,1380,920,1959,1989,535 NE 117th St,WA 98125,USA
Seattle,4.0,2014-06-27 00:00:00,500000.0,1.0,1440,7100,1.5,0,0,3,1440,0,1906,2014,3006 NW 60th St,WA 98107,USA
Seattle,4.0,2014-06-30 00:00:00,1200000.0,2.0,2120,3360,2.0,0,0,3,2120,0,1905,2010,420 17th Ave E,WA 98112,USA
Seattle,4.0,2014-06-30 00:00:00,669500.0,2.25,2500,4046,1.5,0,0,4,1520,980,1940,2001,8044 20th Ave NW,WA 98117,USA
Seattle,4.0,2014-06-30 00:00:00,490000.0,3.0,2330,3497,2.0,0,0,3,1920,410,2003,0,5294-5296 19th Pl S,WA 98108,USA
Seattle,4.0,2014-06-30 00:00:00,875000.0,1.5,1800,3245,1.5,0,0,4,1800,0,1929,0,2304 N 44th St,WA 98103,USA
Seattle,4.0,2014-06-30 00:00:00,880000.0,2.75,3220,4392,1.5,0,0,4,2320,900,1931,0,5720 Princeton Ave NE,WA 98105,USA
Seattle,4.0,2014-06-30 00:00:00,972000.0,1.75,2010,6300,1.0,0,2,5,1610,400,1937,0,2827 43rd Ave W,WA 98199,USA
Seattle,4.0,2014-06-30 00:00:00,435000.0,2.0,1880,3840,1.0,0,0,3,970,910,1904,0,1101 23rd Ave S,WA 98144,USA
Seattle,4.0,2014-07-01 00:00:00,1198000.0,3.5,3400,3850,2.5,0,0,3,2790,610,2008,0,2303 E Valley St,WA 98112,USA
Seattle,4.0,2014-07-01 00:00:00,691500.0,2.5,2600,7200,2.0,0,0,3,2600,0,1962,2002,9041 49th Ave NE,WA 98115,USA
Seattle,4.0,2014-07-01 00:00:00,955500.0,1.75,2130,5080,1.5,0,0,3,2130,0,1914,1993,2572 5th Ave W,WA 98119,USA
Seattle,4.0,2014-07-01 00:00:00,616000.0,1.75,1700,5846,1.0,0,0,3,1700,0,1957,2000,4003 W Emerson St,WA 98199,USA
Seattle,4.0,2014-07-01 00:00:00,563000.0,1.0,1410,3376,1.5,0,0,5,1410,0,1911,1984,621 NW 44th St,WA 98107,USA
Seattle,4.0,2014-07-01 00:00:00,1695000.0,2.75,3770,10900,2.0,0,2,5,3070,700,1924,1956,3333 S Plum St,WA 98144,USA
Seattle,4.0,2014-07-01 00:00:00,485000.0,1.75,1430,4096,2.0,0,0,3,1430,0,1900,2005,216 20th Ave,WA 98122,USA
Seattle,4.0,2014-07-01 00:00:00,406000.0,1.0,1580,8475,1.5,0,2,4,1580,0,1928,0,10041 64th Ave S,WA 98178,USA
Seattle,4.0,2014-07-01 00:00:00,620000.0,3.0,2130,6325,1.0,0,0,5,1440,690,1948,1985,4002 50th Ave SW,WA 98116,USA
Seattle,4.0,2014-07-01 00:00:00,2300000.0,4.75,3970,9778,2.0,0,2,4,3390,580,1928,0,1323 Willard Ave W,WA 98119,USA
Seattle,4.0,2014-07-01 00:00:00,433000.0,1.5,1550,5053,1.0,0,0,4,1180,370,1963,0,4702 S Juneau St,WA 98118,USA
Seattle,4.0,2014-07-01 00:00:00,581000.0,1.0,1630,2566,1.5,0,0,3,1630,0,1921,2000,1819-1827 25th Ave,WA 98122,USA
Seattle,4.0,2014-07-01 00:00:00,952500.0,1.5,2550,5055,2.0,0,0,4,2550,0,1910,0,1901 25th Ave E,WA 98112,USA
Seattle,4.0,2014-07-01 00:00:00,476000.0,3.0,2890,6885,1.0,0,0,3,1590,1300,1945,2013,6516 43rd Ave NE,WA 98115,USA
Seattle,4.0,2014-07-01 00:00:00,535000.0,1.75,1420,5000,1.5,0,0,4,1420,0,1945,0,3027 NW 67th St,WA 98117,USA
Seattle,4.0,2014-07-01 00:00:00,1356925.0,3.5,4270,5800,2.0,0,3,5,3170,1100,1937,0,3017 42nd Ave W,WA 98199,USA
Seattle,4.0,2014-07-02 00:00:00,255000.0,2.0,2430,8960,1.0,0,0,3,1430,1000,1960,2012,8019 S 117th St,WA 98178,USA
Seattle,4.0,2014-07-02 00:00:00,895000.0,2.25,1950,5950,1.0,0,0,3,1330,620,1947,2012,2220 5th Ave N,WA 98109,USA
Seattle,4.0,2014-07-02 00:00:00,860000.0,1.75,1880,3720,1.5,0,0,4,1880,0,1924,0,15 Raye St,WA 98109,USA
Seattle,4.0,2014-07-02 00:00:00,389000.0,1.75,2400,7700,1.5,0,0,4,1500,900,1927,0,2148 N 115th St,WA 98133,USA
Seattle,4.0,2014-07-02 00:00:00,550000.0,2.75,2160,5005,1.0,0,0,3,1430,730,1987,2000,9417 25th Ave NE,WA 98115,USA
Seattle,4.0,2014-07-02 00:00:00,723000.0,2.25,2430,4748,1.5,0,0,3,1630,800,1928,1954,1503 45th Ave SW,WA 98116,USA
Seattle,4.0,2014-07-02 00:00:00,475000.0,2.0,2100,13468,1.0,0,0,5,1050,1050,1962,0,11719 33rd Pl NE,WA 98125,USA
Seattle,4.0,2014-07-02 00:00:00,1054690.0,3.5,3390,3979,2.0,0,0,3,2610,780,2014,0,3906 W Briarcliff Ln,WA 98199,USA
Seattle,4.0,2014-07-03 00:00:00,554729.0,2.5,2020,4350,2.0,0,0,5,1730,290,1943,0,4109 W Bertona St,WA 98199,USA
Seattle,4.0,2014-07-03 00:00:00,220000.0,1.0,1200,6000,1.5,0,0,3,1200,0,1923,1998,7943 13th Ave SW,WA 98106,USA
Seattle,4.0,2014-07-03 00:00:00,1625000.0,3.25,2980,3600,2.0,0,0,3,2150,830,1999,0,1820 38th Ave E,WA 98112,USA
Seattle,4.0,2014-07-03 00:00:00,633000.0,2.5,2360,10000,1.0,0,3,3,1980,380,1977,2004,3323-3325 33rd Ave SW,WA 98126,USA
Seattle,4.0,2014-07-05 00:00:00,1200000.0,2.5,2700,4275,2.0,0,0,3,2700,0,2004,2003,124 NE 60th St,WA 98115,USA
Seattle,4.0,2014-07-05 00:00:00,1738000.0,2.25,2920,6513,2.0,0,0,4,2260,660,1937,0,1987 Shenandoah Dr E,WA 98112,USA
Seattle,4.0,2014-07-05 00:00:00,671000.0,3.0,3130,5700,1.5,0,0,3,1750,1380,1953,0,4222 NE 72nd St,WA 98115,USA
Seattle,4.0,2014-07-06 00:00:00,1280000.0,2.5,3160,4620,1.5,0,4,3,2020,1140,1917,2005,1730 Walnut Ave SW,WA 98116,USA
Seattle,4.0,2014-07-07 00:00:00,548800.0,1.0,1660,4704,1.5,0,0,3,1260,400,1930,1997,8612 8th Ave NE,WA 98115,USA
Seattle,4.0,2014-07-07 00:00:00,780000.0,2.0,2600,4800,1.0,0,2,3,1400,1200,1953,0,1937 10th Ave W,WA 98119,USA
Seattle,4.0,2014-07-07 00:00:00,631500.0,2.0,2530,5650,1.5,0,0,4,1910,620,1910,0,2900-2998 Fairmount Ave SW,WA 98116,USA
Seattle,4.0,2014-07-07 00:00:00,1450000.0,3.25,3770,4103,2.0,0,0,5,2710,1060,1925,0,410 Wheeler St,WA 98109,USA
Seattle,4.0,2014-07-07 00:00:00,1300000.0,2.25,2360,4000,2.0,0,0,3,2360,0,2013,1923,186 34th Ave E,WA 98112,USA
Seattle,4.0,2014-07-08 00:00:00,368000.0,1.75,2100,11942,1.0,0,0,3,1030,1070,1964,2000,5901-5909 17th Ave SW,WA 98106,USA
Seattle,4.0,2014-07-08 00:00:00,485000.0,2.25,1900,7200,1.0,0,0,3,1370,530,1977,2004,11042 31st Ave SW,WA 98146,USA
Seattle,4.0,2014-07-08 00:00:00,435000.0,2.75,2230,9640,1.0,0,0,3,1320,910,1998,2006,13362 3rd Ave NE,WA 98125,USA
Seattle,4.0,2014-07-08 00:00:00,1050000.0,2.75,2250,3433,1.5,0,0,3,1500,750,1927,2013,2052 Boyer Ave E,WA 98112,USA
Seattle,4.0,2014-07-08 00:00:00,1195000.0,3.5,3960,6654,2.0,0,0,3,2850,1110,2006,0,2905 25th Ave W,WA 98199,USA
Seattle,4.0,2014-07-08 00:00:00,890000.0,2.75,2310,4020,3.0,0,0,5,2310,0,1979,0,1602 32nd Ave,WA 98122,USA
Seattle,4.0,2014-07-08 00:00:00,399500.0,1.75,1360,4840,1.5,0,0,4,1360,0,1928,0,5048 35th Ave SW,WA 98126,USA
Seattle,4.0,2014-07-08 00:00:00,1205000.0,3.5,3150,5500,2.0,0,0,3,3150,0,2014,0,4908 32nd Ave NE,WA 98105,USA
Seattle,4.0,2014-07-08 00:00:00,674600.0,2.5,2610,5140,2.0,0,0,3,2610,0,2006,0,922 N 91st St,WA 98103,USA
Seattle,4.0,2014-07-09 00:00:00,284000.0,1.75,1880,8800,1.0,0,0,3,1130,750,1960,2012,10000-10026 S 100th St,WA 98168,USA
Seattle,4.0,2014-07-09 00:00:00,810000.0,1.75,2000,3988,1.0,0,4,4,1000,1000,1958,1972,1322 Alki Ave SW,WA 98116,USA
Seattle,4.0,2014-07-09 00:00:00,679000.0,2.75,2100,4480,1.5,0,0,4,1780,320,1928,0,5519 31st Ave NE,WA 98105,USA
Seattle,4.0,2014-07-09 00:00:00,1250000.0,2.5,2920,5500,1.0,0,3,3,2030,890,1957,2000,2440 Magnolia Blvd W,WA 98199,USA
Seattle,4.0,2014-07-09 00:00:00,759000.0,1.75,2100,4750,1.0,0,0,3,1340,760,1975,0,5626 Keystone Pl N,WA 98103,USA
Seattle,4.0,2014-07-09 00:00:00,300000.0,1.75,1820,5015,1.0,0,0,4,1190,630,1926,1993,1714 S Pearl St,WA 98108,USA
Seattle,4.0,2014-07-09 00:00:00,550000.0,1.0,1440,3600,1.5,0,0,4,1440,0,1924,0,3822 42nd Ave SW,WA 98116,USA
Seattle,4.0,2014-07-09 00:00:00,625000.0,1.0,1600,5500,1.5,0,0,4,1600,0,1946,1989,9510 28th Ave NW,WA 98117,USA
Seattle,4.0,2014-07-09 00:00:00,900000.0,2.5,2230,4372,2.0,0,0,5,1540,690,1935,0,5641 Keystone Pl N,WA 98103,USA
Seattle,4.0,2014-07-09 00:00:00,749000.0,2.75,2700,6000,2.0,0,0,4,2100,600,1910,0,1925 Walnut Ave SW,WA 98116,USA
Seattle,4.0,2014-07-09 00:00:00,595000.0,3.25,3730,4560,2.0,0,0,3,2760,970,2013,1923,2318 N 60th St,WA 98103,USA
Seattle,4.0,2014-07-09 00:00:00,487000.0,2.5,2540,5001,2.0,0,0,3,2540,0,2005,0,6732 Mars Ave S,WA 98108,USA
Seattle,4.0,2014-07-09 00:00:00,760000.0,2.25,3300,8365,3.0,0,0,3,3300,0,2014,0,7335 35th Ave SW,WA 98126,USA
Seattle,4.0,2014-07-10 00:00:00,350000.0,1.0,1170,8147,1.5,0,0,3,1170,0,1959,1989,3611 NE 137th St,WA 98125,USA
Seattle,4.0,2014-07-10 00:00:00,639000.0,2.0,1840,5419,1.0,0,0,4,920,920,1942,1982,3051 36th Ave W,WA 98199,USA
Seattle,4.0,2014-05-16 00:00:00,254000.0,2.0,1510,4235,1.0,0,0,3,1510,0,1955,2005,3015 S Graham St,WA 98108,USA
Seattle,4.0,2014-05-05 00:00:00,744312.5,2.5,2800,5900,1.0,0,0,3,1660,1140,1963,2008,7052 39th Ave NE,WA 98115,USA
Seattle,4.0,2014-05-05 00:00:00,0.0,2.75,2600,5390,1.0,0,0,4,1300,1300,1960,2001,2120 31st Ave W,WA 98199,USA
Seattle,4.0,2014-05-15 00:00:00,274750.0,2.5,1840,1562,2.0,0,0,3,1400,440,2004,2003,2414 SW Holden St,WA 98106,USA
Seattle,4.0,2014-05-16 00:00:00,135333.333333,1.0,1530,7200,1.5,0,0,3,1400,130,1948,1994,5602 S Avon St,WA 98178,USA
Seattle,4.0,2014-05-16 00:00:00,577437.5,2.5,2110,3750,2.0,0,0,3,2110,0,2000,0,6737 5th Ave NW,WA 98117,USA
Seattle,4.0,2014-05-20 00:00:00,0.0,3.75,3300,4545,1.5,0,4,3,2600,700,1926,1999,3665 50th Ave NE,WA 98105,USA
Seattle,4.0,2014-05-21 00:00:00,266066.666667,1.0,1310,5200,1.5,0,0,3,1160,150,1945,2010,7127 29th Ave SW,WA 98126,USA
Seattle,4.0,2014-05-30 00:00:00,173666.666667,1.0,1290,5000,1.5,0,0,3,1290,0,1957,2000,10022 19th Ave SW,WA 98146,USA
Seattle,4.0,2014-05-30 00:00:00,790000.0,2.5,2310,5100,2.0,0,0,3,2310,0,2013,1923,144 NW 103rd St,WA 98177,USA
Seattle,4.0,2014-06-03 00:00:00,535000.0,2.25,2290,5350,2.0,0,0,4,2120,170,1958,1972,2523 42nd Ave W,WA 98199,USA
Seattle,4.0,2014-06-03 00:00:00,596165.428571,2.0,2580,6000,1.0,0,0,5,1300,1280,1950,0,3449 Magnolia Blvd W,WA 98199,USA
Seattle,4.0,2014-06-05 00:00:00,535000.0,2.25,2980,8051,1.5,0,2,4,2020,960,1935,0,2550 Westmont Way W,WA 98199,USA
Seattle,4.0,2014-06-10 00:00:00,135333.333333,1.0,1200,7200,1.5,0,0,3,1200,0,1944,0,6815 S 120th Pl,WA 98178,USA
Seattle,4.0,2014-06-12 00:00:00,0.0,1.0,2080,3500,1.5,0,0,5,1260,820,1926,0,6506 40th Ave SW,WA 98136,USA
Seattle,4.0,2014-06-12 00:00:00,790000.0,3.25,2420,4000,1.5,0,0,5,1870,550,1911,1984,4039 4th Ave NE,WA 98105,USA
Seattle,4.0,2014-06-15 00:00:00,1036200.0,3.25,2500,5801,1.5,0,0,3,1960,540,1926,2003,1502 Parkside Dr E,WA 98112,USA
Seattle,4.0,2014-06-16 00:00:00,351250.0,1.75,1580,5340,1.0,0,0,3,1130,450,1947,2012,214 20th Ave S,WA 98144,USA
Seattle,4.0,2014-06-19 00:00:00,323833.333333,1.0,1940,5753,1.5,0,0,3,1940,0,1947,2012,12234 1st Ave NW,WA 98177,USA
Seattle,4.0,2014-06-20 00:00:00,994500.0,2.25,2870,6280,1.5,0,0,4,1980,890,1905,0,1517-1519 17th Ave E,WA 98112,USA
Seattle,4.0,2014-06-20 00:00:00,0.0,1.0,1810,7500,1.0,0,0,2,1410,400,1959,0,12231 Occidental Ave S,WA 98168,USA
Seattle,4.0,2014-06-27 00:00:00,471500.0,3.0,2370,3672,1.5,0,0,5,1650,720,1916,0,6811 16th Ave NE,WA 98115,USA
Seattle,4.0,2014-06-28 00:00:00,0.0,4.25,3500,8750,1.0,0,4,5,2140,1360,1951,0,12725 8th Ave NW,WA 98177,USA
Seattle,4.0,2014-07-02 00:00:00,550607.142857,2.0,1660,4800,1.5,0,0,3,1660,0,1922,2008,4007 Woodland Park Ave N,WA 98103,USA
Seattle,4.0,2014-07-10 00:00:00,203400.0,2.0,2090,6630,1.0,0,0,3,1070,1020,1974,0,5148 S Creston St,WA 98178,USA
